{
  "audio": {
    "pass": "/theme/sounds/pass.wav",
    "fail": "/theme/sounds/fail.wav",
    "music": "/theme/sounds/floating_around.xm"
  },
  "fonts": {
    "default": "/theme/fonts/ArialMT_Mod.ttf",
    "default_size": "35"
  },
  "icons_mainmenu": {
    "sd": "/theme/images/icons/main/sd.png",
    "net": "/theme/images/icons/main/www.png",
    "usb": "/theme/images/icons/main/usb.png",
    "hdd": "/theme/images/icons/main/hdd.png",
    "hdd_connected": "/theme/images/icons/main/usb-hd-connected.png",
    "settings": "/theme/images/icons/main/settings.png",
    "exit": "/theme/images/icons/main/home.png"
  },
  "icons_settings": {
    "check_off": "/theme/images/icons/settings/check_off.png",
    "check_on": "/theme/images/icons/settings/check_on.png",
    "theme_dl": "/theme/images/icons/settings/theme_dl.png",
    "theme_server": "/theme/images/icons/settings/theme_server.png",
    "patches": "/theme/images/icons/settings/patches.png",
    "patches_server": "/theme/images/icons/settings/patches_server.png",
    "net_source": "/theme/images/icons/settings/net_source.png",
    "language": "/theme/images/icons/settings/language.png",
    "update": "/theme/images/icons/settings/update.png",
    "credits": "/theme/images/icons/settings/credits.png"
  },
  "icons_flags": {
    "de": "/theme/images/icons/flags/de.png",
    "en": "/theme/images/icons/flags/en.png",
    "es": "/theme/images/icons/flags/es.png",
    "fr": "/theme/images/icons/flags/fr.png",
    "it": "/theme/images/icons/flags/it.png",
    "jpn": "/theme/images/icons/flags/jpn.png",
    "ru": "/theme/images/icons/flags/ru.png",
    "tw": "/theme/images/icons/flags/tw.png",
    "sys": "/theme/images/icons/flags/sys.png"
  },
  "icons_others": {
    "bin": "/theme/images/icons/others/bin.png",
    "checkbox-checked": "/theme/images/icons/settings/check_on.png",
    "checkbox-empty": "/theme/images/icons/settings/check_off.png",
    "credits": "/theme/images/icons/others/credits.png",
    "drive": "/theme/images/icons/others/drive.png",
    "fail": "/theme/images/icons/others/fail.png",
    "folder": "/theme/images/icons/others/folder.png",
    "folder_up": "/theme/images/icons/others/folder_up.png",
    "good": "/theme/images/icons/others/good.png",
    "information": "/theme/images/icons/others/information.png",
    "install": "/theme/images/icons/others/install.png",
    "patches": "/theme/images/icons/others/patches.png",
    "theme": "/theme/images/icons/others/theme.png",
    "update": "/theme/images/icons/others/update.png",
    "usb": "/theme/images/icons/others/usb.png",
    "wait": "/theme/images/icons/others/wait.png",
    "waiting_lan": "/theme/images/icons/others/waiting_lan.png",
    "waiting_usb": "/theme/images/icons/others/waiting_usb.png"
  },
  "bg_images": {
    "default_background": "/theme/images/backgrounds/default_background.png",
    "install_top": "/theme/images/backgrounds/install_top.png",
    "main_top": "/theme/images/backgrounds/main_top.png",
    "sd_top": "/theme/images/backgrounds/sd_top.png",
    "net_top": "/theme/images/backgrounds/net_top.png",
    "usb_top": "/theme/images/backgrounds/usb_top.png",
    "hd_top": "/theme/images/backgrounds/hd_top.png",
    "settings_top": "/theme/images/backgrounds/settings_top.png",
    "theme_top": "/theme/images/backgrounds/theme_top.png"
  },
  "colour": {
    "background": "#00000000",
    "background_overlay1": "#00000000",
    "background_overlay2": "#00000000",
    "topbar": "#085BF68F",
    "bottombar": "#085BF68F",
    "bottombar_text": "#caf1feFF",
    "main_text": "#bdeefeFF",
    "focus": "#085BF6AC",
    "scrollbar": "#085BF6FF",
    "inforect": "#007DFF8F",
    "pageinfo_text": "#caf1feFF",
    "installinfo_text": "#00bffeFF",
    "sdinfo_text": "#00bffeFF",
    "nandinfo_text": "#00bffeFF",
    "count_text": "#00bffeFF",
    "progress_bg": "#39cdfeFF",
    "progress_fg": "#085BF6FF",
    "version": "#caf1feFF"
  }
}