{
  "audio": {
    "pass": "/theme/sounds/witch.ogg",
    "fail": "/theme/sounds/wolf.ogg",
	"infobeep": "/theme/sounds/infobeep.mp3",
    "music": "/theme/sounds/beyond_-_spooky.it"
  },
  "fonts": {
    "default": "/theme/fonts/ArialMT_Mod.ttf",
    "default_size": "35"
  },
  "icons_mainmenu": {
    "sd": "/theme/images/icons/main/sd.png",
    "net": "/theme/images/icons/main/www.png",
    "usb": "/theme/images/icons/main/usb.png",
    "hdd": "/theme/images/icons/main/hdd.png",
    "hdd_connected": "/theme/images/icons/main/usb-hd-connected.png",
    "settings": "/theme/images/icons/main/settings.png",
    "exit": "/theme/images/icons/main/home.png"
  },
  "icons_settings": {
    "check_off": "/theme/images/icons/settings/unchecked.png",
    "check_on": "/theme/images/icons/settings/checked.png",
    "theme_dl": "/theme/images/icons/settings/theme_dl.png",
    "theme_server": "/theme/images/icons/settings/theme_server.png",
    "patches": "/theme/images/icons/settings/patches.png",
    "patches_server": "/theme/images/icons/settings/patches_server.png",
    "net_source": "/theme/images/icons/settings/net_source.png",
    "language": "/theme/images/icons/settings/language.png",
    "update": "/theme/images/icons/settings/update.png",
    "credits": "/theme/images/icons/settings/credits.png"
  },
  "icons_flags": {
    "de": "/theme/images/icons/flags/de.png",
    "en": "/theme/images/icons/flags/en.png",
    "es": "/theme/images/icons/flags/es.png",
    "fr": "/theme/images/icons/flags/fr.png",
    "it": "/theme/images/icons/flags/it.png",
    "jpn": "/theme/images/icons/flags/jpn.png",
    "ru": "/theme/images/icons/flags/ru.png",
    "tw": "/theme/images/icons/flags/tw.png",
	"cn": "/theme/images/icons/flags/cn.png",
    "sys": "/theme/images/icons/flags/sys.png"
  },
  "icons_others": {
    "bin": "/theme/images/icons/others/bin.png",
    "checkbox-checked": "/theme/images/icons/settings/checked.png",
    "checkbox-empty": "/theme/images/icons/settings/unchecked.png",
    "credits": "/theme/images/icons/others/credits.png",
    "drive": "/theme/images/icons/others/drive.png",
    "fail": "/theme/images/icons/others/fail.png",
    "folder": "/theme/images/icons/others/folder.png",
    "folder_up": "/theme/images/icons/others/folder_up.png",
    "good": "/theme/images/icons/others/good.png",
    "information": "/theme/images/icons/others/information.png",
    "install": "/theme/images/icons/others/install.png",
    "patches": "/theme/images/icons/others/patches.png",
    "theme": "/theme/images/icons/others/theme.png",
    "update": "/theme/images/icons/others/update.png",
    "usb": "/theme/images/icons/others/usb.png",
    "wait": "/theme/images/icons/others/wait.png",
    "waiting_lan": "/theme/images/icons/others/waiting.png",
    "waiting_usb": "/theme/images/icons/others/waiting.png"
  },
  "bg_images": {
    "default_background": "/theme/images/backgrounds/default_background.png",
    "install_top": "/theme/images/backgrounds/install_top.png",
    "main_top": "/theme/images/backgrounds/main_top.png",
    "sd_top": "/theme/images/backgrounds/sd_top.png",
    "net_top": "/theme/images/backgrounds/net_top.png",
    "usb_top": "/theme/images/backgrounds/usb_top.png",
    "hd_top": "/theme/images/backgrounds/hd_top.png",
    "settings_top": "/theme/images/backgrounds/settings_top.png",
    "theme_top": "/theme/images/backgrounds/theme_top.png"
  },
  "colour": {
    "background": "#00000000",
    "background_overlay1": "#00000000",
    "background_overlay2": "#00000000",
    "topbar": "#FF9A0020",
    "bottombar": "#000000CF",
    "bottombar_text": "#FF9A00FF",
    "main_text": "#FF9A00FF",
    "focus": "#FFA5006C",
    "scrollbar": "#FF9A00FF",
    "inforect": "#FF9A004F",
    "pageinfo_text": "#FF9A00FF",
    "installinfo_text": "#FF9A004F",
    "sdinfo_text": "#FF9A00FF",
    "nandinfo_text": "#FF9A00FF",
    "count_text": "#FF9A00FF",
    "progress_bg": "#FF43008F",
    "progress_fg": "#FF9A00FF",
    "version": "#FF9A00FF"
  }
}